id,edit_history_tweet_ids,text,lang,created_at,tweetId,mislead_A,mislead_B,defend_A,defend_B,nA,nB,nMisleadingNotes,nNotMisleadingNotes,netStance_A,netStance_B,consensus,polarity,communityFlagged,polarity_abs,polarity_condition,topic_condition
1645785877812236294,['1645785877812236294'],"This 37-year old man just graduated from the Royal Academy of Ballet.

These transgenders don’t just want to be “women”- they want to be little girls. 

Disturbed. https://t.co/Fuv4UfcZim",en,2023-04-11T13:48:25.000Z,1645785877812236294,0.013547951,0.9847004565963684,0.9999999266107906,0.301832767,12,87,1,1,-0.986451975,0.6828676892278542,0.013547951,-1.669319665,TRUE,1.6693196645011297,negative,lgbt
1774100713309708564,['1774100713309708564'],So Easter Sunday was the best day for ‘Transgender Day of Visibility’? Did I read that correctly?,en,2024-03-30T15:45:45.000Z,1774100713309708564,0.1717787765930195,0.9999681279988836,0.8889021610095308,0.15609926,21,291,1,1,-0.717123384,0.8438688683206357,0.1717787765930195,-1.560992253,TRUE,1.560992252737147,negative,lgbt
1775865313923305742,['1775865313923305742'],"These youngsters in my mentions telling me that children were too scared to come out as trans in the 90s don’t understand that we talked about everything and anything back then, before cancel culture and self censorship for fear of wrongthink.",en,2024-04-04T12:37:39.000Z,1775865313923305742,0.038322626,0.8854341956712125,0.999999331,0.3530868602136517,20,556,3,2,-0.961676704,0.5323473354575607,0.038322626,-1.49402404,TRUE,1.4940240399106088,negative,lgbt
1779358921796243863,['1779358921796243863'],"Biden tells America to choose Transgenders over Jesus 🤔
Joe Biden literally has already found a replacement for Easter, yap and its now called the transgender day folks. 
https://t.co/XXvgQoDQNE

Question: Who do you think he is going to replace Christmas with? https://t.co/DLKWtAVQSw",en,2024-04-14T04:00:00.000Z,1779358921796243863,0.2399410455745613,0.9760909821305582,0.726426948,0.1006672087786596,2562,2926,2,1,-0.486485903,0.8754237733518986,0.2399410455745613,-1.361909676,TRUE,1.3619096761082834,negative,lgbt
1686122723833950208,['1686122723833950208'],"Russian lawmaker Maria Butina believes, ""Barbie should be removed from the (Russian) market, along with the Mattel company, because they bring the LGBT agenda here."" 🏳️‍🌈🇷🇺 https://t.co/uGMAGUKyAp",en,2023-07-31T21:12:38.000Z,1686122723833950208,0.5474903618839022,0.9007257681994872,0.9999995366502172,1.223379609837434e-37,42,70,2,1,-0.452509175,0.9007257681994872,0.5474903618839022,-1.353234943,TRUE,1.3532349429658022,negative,lgbt
1673708734890090500,['1673708734890090500'],"And lefties wonder why I am against all this LGBT 'Pride' crap?
I am not daft. I can see where this is leading. https://t.co/9irxoI0rl9",en,2023-06-27T15:03:53.000Z,1673708734890090500,0.5964748527132953,0.9273390302304924,0.999921978,0.1831322524104631,101,429,3,1,-0.403447126,0.7442067778200293,0.5964748527132953,-1.147653904,TRUE,1.147653903586972,negative,lgbt
1669458128285343745,"['1669455614638977025', '1669458128285343745']","No blacks. No Irish. *but* the homosexuals are welcome!

Progressive! https://t.co/9My3mLm13T",en,2023-06-15T21:33:29.000Z,1669458128285343745,0.8512308032309975,0.9887449148729665,1,9.814061903844195e-32,27,37,1,1,-0.148769197,0.9887449148729665,0.8512308032309975,-1.137514112,TRUE,1.137514111641969,negative,lgbt
1721644764356120578,['1721644764356120578'],"🚨#BREAKING: Google and Meta have BANNED sharing Steven Crowder’s release of the Nashville transgender school shooter manifesto. 

Audrey Hale shot three children and three adults to death at the Covenant School on March 27.

So you know what to do, X.

 https://t.co/mH2M9sY9Ms",en,2023-11-06T21:44:33.000Z,1721644764356120578,0.7844745477486484,0.9180474092795148,0.9999999999950816,1.9885616757205607e-27,41,37,1,1,-0.215525452,0.9180474092795148,0.7844745477486484,-1.133572862,TRUE,1.133572861525948,negative,lgbt
1661742549470711810,['1661742549470711810'],Target loses $9 Billion in week following boycott calls over LGBTQ-friendly kids clothing 🤯 https://t.co/2IL9tnSMPx,en,2023-05-25T14:34:32.000Z,1661742549470711810,0.5748878320537457,0.937772005,0.9472839411926608,0.2396917760061816,73,101,2,2,-0.372396109,0.6980802291959285,0.5748878320537457,-1.070476338,TRUE,1.0704763383348437,negative,lgbt
1744909508894429540,['1744909508894429540'],"Jennifer Lawrence has been casted as Jesus Christ and Emma Stone as Judas in Martin Scorsese’s next movie, set to shoot later this year. It will be a gender-reversed, modern telling of the biblical events set in Southern California.

(Via: @Variety) https://t.co/FaNfFTvYdP",en,2024-01-10T02:30:20.000Z,1744909508894429540,0.7606234412046047,0.8642274493076547,1,0.062094544,238,89,2,1,-0.239376559,0.8021329049664826,0.7606234412046047,-1.041509464,TRUE,1.0415094637618778,negative,lgbt
1749832523406799269,['1749832523406799269'],"Trans man who had mastectomy discovered to be 5 months pregnant, making rare ‘seahorse dad’ https://t.co/52uwQCOK74 https://t.co/EVeMFVneyg",en,2024-01-23T16:32:38.000Z,1749832523406799269,0.8648297582697967,0.095142027,0.089895967,0.8846713991355372,2213,1114,5,7,0.7749337916887932,-0.789529372,0.095142027,1.5644631636153674,TRUE,1.5644631636153674,positive,lgbt
1704954150482497757,['1704954150482497757'],This was the first time a court recognized the persecution of trans people in Nazi Germany. https://t.co/Sf4brTzNkF,en,2023-09-21T20:22:00.000Z,1704954150482497757,0.9620024031134128,0.1846386986357789,0.2286319233236115,0.988981431,566,155,2,2,0.7333704797898011,-0.804342733,0.1846386986357789,1.5377132123913904,TRUE,1.5377132123913904,positive,lgbt
1694740216441864291,['1694740216441864291'],"On what would have been her 78th birthday, we honor the life and legacy of Marsha P. Johnson.

A pioneer for trans liberation, Marsha’s activism and joy is woven into the work that we do everyday to build a safer, more joyful, and more affirming world for LGBTQ young people 💐 https://t.co/EYG7iaJKrG",en,2023-08-24T15:55:29.000Z,1694740216441864291,0.9958918193448444,0.490163829,0.00110082,0.999992155,655,179,2,1,0.994790999,-0.509828326,0.490163829,1.5046193255389348,TRUE,1.5046193255389348,positive,lgbt
1787557395939418299,['1787557395939418299'],"JESUS DIRECTLY AFFIRMED SAME-SEX LOVE.
… but many English translations try to hide it.

In Matthew 8:5-13, a Roman Centurion pleads for Jesus to come heal a “young servant,” who is sick in his home.

But this was A GAY LOVER, not just a “young servant.”

The details 👇🏼🧵￼

￼",en,2024-05-06T18:57:49.000Z,1787557395939418299,0.9671350911064872,0.3973666288839221,1.6753984461093028e-10,0.9061661292331844,320,64,3,1,0.9671350909389472,-0.5087995,0.3973666288839221,1.4759345912882098,TRUE,1.4759345912882098,positive,lgbt
1754225718748426254,['1754225718748426254'],"My new piece for https://t.co/XEIFJyXgjC #liathomas #transgender #WorldAquatics #swimming #transgenderathletes #transwomen 
Transgender Swimmer Lia Thomas’ Body Is Not The Problem via @forbes https://t.co/20XqkuXjwh",en,2024-02-04T19:29:37.000Z,1754225718748426254,0.995103792,0.5464781134397761,0.017070083,0.999599209,242,24,1,1,0.9780337093386614,-0.453121096,0.5464781134397761,1.431154805322587,TRUE,1.431154805322587,positive,lgbt
1633688323243008000,['1633688323243008000'],"A bill that will empower government employees to deny marriage licenses to LGBTQ &amp; interracial couples.

That. JUST. Passed.

Wake up America.

The @GOP are rolling back decades of progress RIGHT NOW.

We must call out this blatant bigotry for what it is. https://t.co/pnoGdZ0YPI",en,2023-03-09T04:37:03.000Z,1633688323243008000,0.952985762,0.4739916164505066,0.023670659,0.8498775588514311,234,109,3,2,0.9293151033962536,-0.375885942,0.4739916164505066,1.305201045797178,TRUE,1.305201045797178,positive,lgbt
1773498497729524151,['1773498497729524151'],"How is this anything other than policing women's gender expression (young women, at that) https://t.co/GtBG5Ef4Ha",en,2024-03-28T23:52:46.000Z,1773498497729524151,0.9999912823193556,0.4919387405341943,0.000692247,0.6995771089338243,160,49,1,2,0.9992990350189266,-0.207638368,0.4919387405341943,1.2069374034185565,TRUE,1.2069374034185565,positive,lgbt
1659552178720178179,['1659552178720178179'],Good morning! A reminder that healthcare for transgender people is settled science. Every major medical association supports this critical life-saving care. https://t.co/dG8lRKrzvA,en,2023-05-19T13:30:47.000Z,1659552178720178179,0.879153489,0.1541125265283111,0.022849822,0.4916524179653311,7340,3473,14,3,0.8563036677947421,-0.337539891,0.1541125265283111,1.193843559231762,TRUE,1.193843559231762,positive,lgbt
1699146339232174282,['1699146339232174282'],"BREAKING: Uganda has made its first arrest for “aggravated homosexuality” a crime which is now punishable by death under the new anti-LGBTQ+ law. 

20-year-old Michael Opolot could now face the death penalty any day now. https://t.co/JwmcRz3Jde",en,2023-09-05T19:43:50.000Z,1699146339232174282,0.9563871048539064,0.8529095897899869,0.000686594,0.9994808653189904,130,83,2,3,0.9557005105013632,-0.146571276,0.8529095897899869,1.1022717860303666,TRUE,1.1022717860303666,positive,lgbt
1665081853785538568,['1665081853785538568'],"wow - in a shocking show of support to the LGBTQ community, Mike Pence “comes out” on a rainbow motorcycle https://t.co/HsCdJPu2xH",en,2023-06-03T19:43:44.000Z,1665081853785538568,0.9814587879259932,0.5976836660788825,0.1043821730048885,0.7800493423655962,39,105,2,2,0.8770766149211046,-0.182365676,0.5976836660788825,1.0594422912078183,TRUE,1.0594422912078183,positive,lgbt
1764086034084794581,['1764086034084794581'],"Queerbaiter Albie has been blocked by TNA Knockouts Champion Jordynne Grace.

In a Wrestle Crave exclusive, we confirm that Jordynne told us “someone had to stand up against that bottom and I am happy I’m the one to do it.” https://t.co/jV6Z8HuvwJ",en,2024-03-03T00:31:00.000Z,1764086034084794581,1,1,,,12,46,1,0,1,1,1,0,TRUE,0,center,lgbt
1717630425282040079,['1717630425282040079'],"JUST IN | THOUSANDS of US Marines have landed in Israel!

PitDark InMy1989TaylorsVersionEra NationalPumpkinDay AR-15 Chocking Jota Petty  Mason Toy Story Beal PBPitch Vrana Shams Pinto Alan Wake 2 Waffle House Gaylors Ausmus Josh Norman SHALL NOT BE INFRINGED Letterboxd https://t.co/loaw1lF4Na",en,2023-10-26T19:53:00.000Z,1717630425282040079,1,1,,,28,21,1,0,1,1,1,0,TRUE,0,center,lgbt
1677809883406651393,['1677809883406651393'],Trans activist misspells Bible as BIBBLE during Trans Pride earlier today in London. https://t.co/jY95PhDzav,en,2023-07-08T22:40:23.000Z,1677809883406651393,0.9999999999704912,0.9999885363415824,,,37,76,2,0,0.9999999999704912,0.9999885363415824,0.9999885363415824,1.1463628908692236e-05,TRUE,1.1463628908692236e-05,center,lgbt
1406618105950900224,['1406618105950900224'],"Fort Lauderdale Mayor: Truck running into Pride parade ""was a terrorist attack against the LGBTQ community"" https://t.co/nAeR8ftsUx https://t.co/oXu6dSVkf3",en,2021-06-20T14:21:04.000Z,1406618105950900224,0.9999389068745702,0.9999512417077322,,,43,4,3,0,0.9999389068745702,0.9999512417077322,0.9999389068745702,-1.23E-05,TRUE,1.233483316198658e-05,center,lgbt
1594321075256582147,['1594321075256582147'],"Gay marriage is illegal in Israel, as is interracial marriage. https://t.co/E2bivli0TR",en,2022-11-20T13:25:40.000Z,1594321075256582147,0.9994876781186648,0.9996586124803106,,,5,15,1,0,0.9994876781186648,0.9996586124803106,0.9994876781186648,-0.000170934,TRUE,0.000170934,center,lgbt
1786584376496554302,['1786584376496554302'],Iran publicly photos these guys right before they were executed for being gay. https://t.co/mapGTMOaBx,en,2024-05-04T02:31:23.000Z,1786584376496554302,0.9991114491514076,1,,,11,27,1,0,0.9991114491514076,1,0.9991114491514076,-0.000888551,TRUE,0.000888551,center,lgbt
1668729966077308928,['1668729966077308928'],"Starbucks workers are taking to social media to report that the company is no longer allowing Pride decorations in-store.

The news comes at the heels of Target bowing to anti-LGBTQ+ pressure and removing pride merchandise. 

🔗: https://t.co/rFXf6RawkH https://t.co/T88tVgu616",en,2023-06-13T21:20:02.000Z,1668729966077308928,0.8719708481021894,0.8733755359748868,,,73,146,2,0,0.8719708481021894,0.8733755359748868,0.8719708481021894,-0.001404688,TRUE,0.001404688,center,lgbt
1638959087756136453,['1638959087756136453'],All 'dating' apps are gay. https://t.co/RA5cDCeIDc,en,2023-03-23T17:41:11.000Z,1638959087756136453,0.9981615970138964,0.99999975,,,36,31,1,0,0.9981615970138964,0.99999975,0.9981615970138964,-0.001838153,TRUE,0.001838153,center,lgbt
1794105927076901250,['1794105927076901250'],"Of course Starmer doesn’t want to debate during the next 6 weeks, it will mean he actually has to share  his opinions on things like Palestine,Gender &amp; Taxes going up even further under Labour.

He doesn’t want the masses to know what he’s about,if he stays quiet it’s a landslide",en,2024-05-24T20:39:20.000Z,1794105927076901250,0.9925129722967548,0.9944856398015096,,,18,72,1,0,0.9925129722967548,0.9944856398015096,0.9925129722967548,-0.001972668,TRUE,0.001972668,center,lgbt
1633897894905298961,['1633897894905298961'],"If you're trying to see our site and getting an 'unsafe' message, this is because some internet providers automatically flag the word 'lesbian' in our URL as problematic. And if that doesn't tell you something about what it's like to be a lesbian today, nothing does! Should be https://t.co/GBzUODNXoQ",en,2023-03-09T18:29:49.000Z,1633897894905298961,0.9971136100311796,0.999796092,,,13,55,1,0,0.9971136100311796,0.999796092,0.9971136100311796,-0.002682482,TRUE,0.002682482,center,lgbt
1672590053795667970,"['1672589081933479936', '1672590053795667970']","A nuclear war would trigger Obama’s executive order 13603, suspending the US Constitution.

This 10-page document https://t.co/6lwCiYkJ3T is a blueprint for a federal takeover of the economy that would dwarf any tyranny we’ve seen within these borders since King George.

It would",en,2023-06-24T12:58:38.000Z,1672590053795667970,0.2970782931493899,0.9856225796061882,0.9894880943518688,3.116660105284788e-16,1810,513,1,1,-0.692409801,0.9856225796061878,0.2970782931493899,-1.678032381,TRUE,1.6780323808086668,negative,immigration
1771673864109519076,['1771673864109519076'],"BREAKING: Tennessee Senate has passed a bill to ban “chemtrails.”

""The intentional injection, release, or dispersion, by any means, of chemicals, chemical compounds, substances, or apparatus within the borders of this state into the atmosphere with the express purpose of",en,2024-03-23T23:02:19.000Z,1771673864109519076,0.3481460115859814,0.8751749503624718,0.8624402835234605,0.000284919,362,191,5,1,-0.514294272,0.8748900315010136,0.3481460115859814,-1.389184303,TRUE,1.3891843034384928,negative,immigration
1788196495126086131,['1788196495126086131'],"Outside a benefits office in Dublin and the migrants are carrying knives. 

Knife wielding dole merchants aren’t doctors or surgeons. 

#IrelandBelongsToTheIrish

 https://t.co/Buhr8qZjAA",en,2024-05-08T13:17:22.000Z,1788196495126086131,0.6896246290403234,0.9958274372773224,1,4.356273602914182e-25,13,38,1,1,-0.310375371,0.9958274372773224,0.6896246290403234,-1.306202808,TRUE,1.306202808236999,negative,immigration
1666228475424829442,['1666228475424829442'],"The California Senate approved $300 in weekly payments to illegal immigrants on Sunday, per FOX.",en,2023-06-06T23:40:00.000Z,1666228475424829442,0.427882359,0.9902810272714412,0.9311233542587442,0.2114946779576634,114,76,1,1,-0.503240996,0.7787863493137777,0.427882359,-1.282027345,TRUE,1.2820273449838588,negative,immigration
1727412474356593021,['1727412474356593021'],"One month ago, @GovChristie ridiculed me for demanding more security on the Northern Border: 

“I don’t think you’ve heard anyone who knows anything ask for that.”

Well, it’s radio silence from him today. The bipartisan establishment is filled with these clowns &amp; it’s pathetic. https://t.co/rEg4D2XA8L",en,2023-11-22T19:43:22.000Z,1727412474356593021,0.4928742426369447,0.9863052788400312,0.7035372851979568,0.002135559,298,160,1,1,-0.210663043,0.98416972,0.4928742426369447,-1.194832762,TRUE,1.194832762172052,negative,immigration
1606062249344307200,['1606062249344307200'],"18 Republican TRAITORS who voted for the $1.7 TRILLION omnimonster to send YOUR money to defend Ukraine’s border but NOT America’s border!

Blunt
Boozman
Capito
Collins
Cornyn
Cotton
Graham
Inhofe
Mitch McConnell
Moran
Murkowski
Portman
Romney
Rounds
Shelby
Thune
Wicker
Young https://t.co/KGAIGGa6lV",en,2022-12-22T23:00:54.000Z,1606062249344307200,0.3669672496866253,0.9329081453043248,0.691498636,0.1279328999778182,120,171,2,1,-0.324531386,0.8049752453265065,0.3669672496866253,-1.129506632,TRUE,1.1295066318205202,negative,immigration
1666804896212082688,['1666804896212082688'],"If a white man stabbed a bunch of Syrian kids, his race would be the entire story 

A Syrian refugee stabbed a bunch of white children in France today
The media: “A man with a knife…”",en,2023-06-08T13:50:29.000Z,1666804896212082688,0.7311748469870245,0.9233488700245608,0.8901170091997859,0.001896783,91,82,2,1,-0.158942162,0.9214520869827886,0.7311748469870245,-1.080394249,TRUE,1.080394249,negative,immigration
1825601126127034489,['1825601126127034489'],"First, as a reminder for those who don’t know what is going on, riots in Britain started after an Islamist butchered three young English girls and the government, currently headed by socialist Labour PM Starmer, did pretty much nothing 

Years of frustration about immigration, https://t.co/Jx4bhV1F1e",en,2024-08-19T18:30:01.000Z,1825601126127034489,0.4582383565871693,0.912800747,0.7534483477031501,0.1744247067705833,129,75,3,1,-0.295209991,0.7383760406341177,0.4582383565871693,-1.033586032,TRUE,1.0335860317500984,negative,immigration
1723362480502530430,['1723362480502530430'],"Poland, a patriotic European nation. 
No immigration. 
No multiculturalism. 
No diversity. https://t.co/ylhGINULeu",en,2023-11-11T15:30:08.000Z,1723362480502530430,0.4485373334162206,0.970685698,0.506131605,0.063245377,174,169,2,2,-0.057594272,0.9074403210729588,0.4485373334162206,-0.965034593,TRUE,0.9650345931303412,negative,immigration
1739750480077631843,['1739750480077631843'],"Sen. Katie Britt Introduces Legislation To Prevent Illegal Immigrants From Voting In Federal Elections.
 
Do you support her?
Yes or No https://t.co/h328FPLt4z",en,2023-12-26T20:50:12.000Z,1739750480077631843,0.038027202,0.9994098297776272,,,8,86,1,0,0.038027202,0.9994098297776272,0.038027202,-0.961382628,TRUE,0.9613826276583748,negative,immigration
1650932061140668416,['1650932061140668416'],"Jean-Pierre: ""[Republicans] are fighting to put fentanyl on the street by defunding border patrol... The only things House Republicans are committed to giving Americans are increased crime, lower economic growth, and more manufacturing jobs sent back to China."" https://t.co/cyWZG79Inq",en,2023-04-25T18:37:30.000Z,1650932061140668416,0.980311279,0.4006395057656465,3.58072747292287e-06,0.9199475191157488,1448,129,3,1,0.9803076987666252,-0.519308013,0.4006395057656465,1.4996157121167273,TRUE,1.4996157121167273,positive,immigration
1760671798776184868,['1760671798776184868'],"When the USA turned away Jewish refugees during the Holocaust…it was the Palestinians that accepted them. When Europe was helping Hitler to achieve the final solutions, many Palestinians were shielded their Jewish neighbours. So why is them that must pay for the West’s crimes?",en,2024-02-22T14:24:03.000Z,1760671798776184868,0.9918399116268224,0.7353327560647821,2.9779020600810474e-16,0.999900569,605,143,2,1,0.9918399116268222,-0.264567813,0.7353327560647821,1.2564077249086392,TRUE,1.2564077249086392,positive,immigration
1798676471835447456,['1798676471835447456'],"""Made in India""

Reads the label on the remains of a missile dropped by Israeli warplanes at a UN shelter in Nusseirat refugee camp last night. https://t.co/NOFMXr64Tp",en,2024-06-06T11:21:03.000Z,1798676471835447456,0.9999774172918542,0.6628299903404103,1.7958233740202478e-10,0.8500001674319185,145,90,8,2,0.9999774171122718,-0.187170177,0.6628299903404103,1.187147594,TRUE,1.187147594,positive,immigration
1816078350659494130,['1816078350659494130'],"The Trump campaign and Republicans have tagged Harris repeatedly with the ""border czar"" title — which she never actually had.
https://t.co/PPHCjKBf83",en,2024-07-24T11:49:54.000Z,1816078350659494130,0.9576657650223735,0.5580739204471058,0.031917398,0.7604669415361378,23807,1141,16,4,0.9257483670233032,-0.202393021,0.5580739204471058,1.1281413881123354,TRUE,1.1281413881123354,positive,immigration
1661749726931472390,['1661749726931472390'],NOTICE: Claims that migrants will be provided free travel and transportation to their destination are false. The U.S. government does not provide help or financial support for noncitizens. https://t.co/tuCB7E8uEk,en,2023-05-25T15:03:03.000Z,1661749726931472390,0.979462832,0.5687099916269421,0.074729828,0.76913493,1761,94,5,1,0.9047330032989968,-0.200424938,0.5687099916269421,1.1051579414266226,TRUE,1.1051579414266226,positive,immigration
1751734245159051454,['1751734245159051454'],The picture is of three American who were killed in a drone attack by the resistance on the American base in Syria -Jordan border https://t.co/MUF2nnjq8u,en,2024-01-28T22:29:24.000Z,1751734245159051454,0.9245381827045128,0.8419793739028908,3.5328593826387966e-08,1,33,37,2,1,0.9245381473759192,-0.158020626,0.8419793739028908,1.0825587734318294,TRUE,1.0825587734318294,positive,immigration
1753381805422506114,['1753381805422506114'],"84% of sex offenders are British white males
&gt;3.1 million British adults were sexually assaulted as children 
1 in 4 women are sexually assaulted
1 in 3 suffer domestic abuse
2 women killed every week by partners or ex

The problem is male violence agst women, not asylum seekers",en,2024-02-02T11:36:13.000Z,1753381805422506114,0.8602202523984488,0.3865765472813287,0.4005144843985281,0.7952209597120733,383,185,4,4,0.4597057679999207,-0.408644412,0.3865765472813287,0.8683501804306653,TRUE,0.8683501804306653,positive,immigration
1653129462182187009,['1653129462182187009'],"Karine Jean-Pierre: ""When it comes to illegal migration, you have seen it come down by more than 90%, and that’s because of the actions that this president has taken."" https://t.co/SQLYz1Jawc",en,2023-05-01T20:09:12.000Z,1653129462182187009,0.9691029815582506,0.6333798406417743,0.02924088,0.4209907778359976,694,49,4,1,0.9398621015097676,0.2123890628057766,0.6333798406417743,0.7274730387039907,TRUE,0.7274730387039907,positive,immigration
1816142238000505246,['1816142238000505246'],"a. This isn’t true. The “Biden put Harris in charge of the border” narrative is made up. 

b. Harris supported the bipartisan border security bill that would have fixed the problem. Trump killed it. 

c. Border crossings are lower now than in Trump’s last non-pandemic summer. https://t.co/8jvp113yeh",en,2024-07-24T16:03:46.000Z,1816142238000505246,0.9805458160849844,0.3670007246845576,0.7034785126508846,0.7147123310955833,1232,53,3,2,0.2770673034340997,-0.347711606,0.3670007246845576,0.6247789098451253,TRUE,0.6247789098451253,positive,immigration
1653129034132336640,['1653129034132336640'],"KJP: “When it comes to illegal migration, you have seen it come down by more than 90%, and that’s because of the actions that this president has taken.” https://t.co/amp3rZi1kT",en,2023-05-01T20:07:30.000Z,1653129034132336640,0.990874517,0.4603317414784104,0.1159984107608114,0.155472731,2860,217,2,3,0.8748761067065536,0.3048590107278164,0.4603317414784104,0.5700170959787372,TRUE,0.5700170959787372,positive,immigration
1427976489891471361,['1427976489891471361'],"If we’re now agreed that vaccines don’t prevent you from spreading or getting COVID, and the only benefit is reduced symptoms, it is a PERSONAL CHOICE.

All vaccine mandates are anti-science.",en,2021-08-18T12:51:40.000Z,1427976489891471361,1,1,,,2,10,1,0,1,1,1,0,TRUE,0,center,immigration
1531712466110992384,['1531712466110992384'],"BREAKING: A witness reveals that Kansas City police shot Leonna Hale, a pregnant unarmed Black woman, five times as she was running away from them — she has been hospitalized with serious injuries but remains stable. RT TO DEMAND THAT THE POLICE BE INVESTIGATED IMMEDIATELY!",en,2022-05-31T19:01:24.000Z,1531712466110992384,1,1,,,53,9,1,0,1,1,1,0,TRUE,0,center,immigration
1821859305785524721,['1821859305785524721'],Russian aviation is hitting the Ukrainian equipment cluster in the Kursk border are with FABs. https://t.co/1xQ2ZptfIY,en,2024-08-09T10:41:21.000Z,1821859305785524721,1,1,,,11,25,1,0,1,1,1,0,TRUE,0,center,immigration
1816064177846243573,['1816064177846243573'],"In early 2021, Biden enlisted VP Harris to help with a slice of the migration issue — a move that has turned into one of the newly-presumptive presidential nominee's first campaign headaches
 https://t.co/3lb7xzz2an",en,2024-07-24T10:53:35.000Z,1816064177846243573,1,1,,,130,3,1,0,1,1,1,0,TRUE,0,center,immigration
1718004424465936712,['1718004424465936712'],"A Palestinian refugee's hairstyle and beard, together with hair gel, costs at least 100 Euros. They live there, they will collapse from hunger. Bedouins, in short. https://t.co/ZW9yn5TnTp",en,2023-10-27T20:39:08.000Z,1718004424465936712,1,1,,,3,32,1,0,1,1,1,0,TRUE,0,center,immigration
1712749559389229564,['1712749559389229564'],"Major security breach incident from Israel-Lebanon border.
Terrorists are jumping fencing &amp; trying to enter Israel. 

#IsraelPalestineConflict #IsraelPalestineWar #IsraelFightsBack #HamasMassacre #HamasMassacre #HamasTerrorism https://t.co/QLFpjbQEKK",en,2023-10-13T08:38:10.000Z,1712749559389229564,1,1,,,19,16,1,0,1,1,1,0,TRUE,0,center,immigration
1678003400904941568,['1678003400904941568'],"-Reality of #China 
-In southeastern outskirts of #Beijing encountering record-breaking heatwave migrant workers starved of both, food &amp; jobs still venture out to make a living in sweltering sun
-They jostle for temporary jobs, sleep on streets &amp; stop eating to save money https://t.co/Kij1UHg8vi",en,2023-07-09T11:29:21.000Z,1678003400904941568,1,1,,,4,13,1,0,1,1,1,0,TRUE,0,center,immigration
1750994033726681112,['1750994033726681112'],"❗🚨🚨🇺🇲⚡#BREAKING | American War: 

🚨 Texas Governor Greg Abbott: ""We are preparing for direct armed conflict with the federal government."" 

Video shows Farmers gathering in Texas on the border with Mexico to defend the borders from Biden's agents. https://t.co/TmcDDd38rJ",en,2024-01-26T21:28:04.000Z,1750994033726681112,1,1,,,4,12,1,0,1,1,1,0,TRUE,0,center,immigration
1712744079166181493,['1712744079166181493'],"From Hezbollah channel 
🔥 Lebanon-Palestine border, Lebanese youth climb the barrier wall https://t.co/EgkBhxjDd7",en,2023-10-13T08:16:24.000Z,1712744079166181493,0.9998905850933112,1,,,27,13,1,0,0.9998905850933112,1,0.9998905850933112,-0.000109415,TRUE,0.000109415,center,immigration
1814684566524723640,['1814684566524723640'],Indian migrants are pooping in “poop holes” on Ontario beaches.  https://t.co/qN0uTY4FrP,en,2024-07-20T15:31:30.000Z,1814684566524723640,0.9998527321445984,1,,,9,2,1,0,0.9998527321445984,1,0.9998527321445984,-0.000147268,TRUE,0.000147268,center,immigration
1728552116527231005,['1728552116527231005'],".@RedCross should review Craddock, Swank, and Brogna and urgently revise their statement.  With widely circulating pre-fusion conformation Spike protein in the blood supply, @RedCross cannot be certain the donated blood from vaccinated donors is safe.  #courageousdiscourse https://t.co/E6QBXV462b https://t.co/kgWiEQD71i",en,2023-11-25T23:11:54.000Z,1728552116527231005,0.1967529850833964,0.9979692242112655,1,6.135907499353979e-24,202,85,1,1,-0.803247015,0.9979692242112655,0.1967529850833964,-1.801216239,TRUE,1.8012162391278692,negative,healthcare
1690084401030529028,['1690084401030529028'],"The FDA has now endorsed treating COVID with Ivermectin! The FDA has blood on its hands. How many Americans senselessly died because Big Medicine called this cheap, readily available Nobel Prize winning medicine horse paste?

Thank you Ron Johnson your leadership and bravery. https://t.co/m0d6EonC5Q",en,2023-08-11T19:34:56.000Z,1690084401030529028,0.2663537448066496,0.952053996,0.9999999810978762,0.00135467,825,423,5,1,-0.733646236,0.9506993262873448,0.2663537448066496,-1.684345563,TRUE,1.6843455625785713,negative,healthcare
1661421368703844376,['1661421368703844376'],"HOLY. MOTHER. OF. GOD.

From the WHO site itself.

Covid-19 vaccination can induce multiple sclerosis via cross-reactive CD4+ T cells recognizing SARS-CoV-2 spike protein and myelin peptides https://t.co/RHiq7u1zAa",en,2023-05-24T17:18:16.000Z,1661421368703844376,0.3037299615799015,0.9726409805345264,1,4.645946274167337e-11,265,103,3,1,-0.696270038,0.9726409804880668,0.3037299615799015,-1.668911019,TRUE,1.6689110189081653,negative,healthcare
1749159230295376053,['1749159230295376053'],Covid-19 vaccines are destroying your gut microbiome and immune system https://t.co/vZGwDYbnje,en,2024-01-21T19:57:12.000Z,1749159230295376053,0.3493399341684948,0.994179593,0.9999999999149936,9.856949330974541e-19,76,77,1,1,-0.650660066,0.994179593,0.3493399341684948,-1.644839659,TRUE,1.644839658932403,negative,healthcare
1723351125229760568,['1723351125229760568'],Vaccines will do the job slowly and quietly. Hardly anyone will even know it's a holocaust.,en,2023-11-11T14:45:01.000Z,1723351125229760568,0.2832342803832504,0.9190150832154133,0.9999999402780136,9.756896904014331e-15,140,123,3,1,-0.71676566,0.9190150832154034,0.2832342803832504,-1.635780743,TRUE,1.6357807431101667,negative,healthcare
1683054478994337794,"['1683042559902318592', '1683054478994337794']","I'm not furious with Dr Andrew Wakefield @MailOnline,  I agree with him wholeheartedly.  I would not recommend any vaccines for our babies and children now, including the new nasal ones. 

There is no evidence to show childhood vaccines are safe and not responsible for chronic https://t.co/9x5V7kxtKm",en,2023-07-23T10:00:32.000Z,1683054478994337794,0.3125325440819278,0.9200377957350042,1,1.2327840438220991e-24,124,81,3,1,-0.687467456,0.9200377957350042,0.3125325440819278,-1.607505252,TRUE,1.6075052516530763,negative,healthcare
1787446688442916920,['1787446688442916920'],"🚨 BREAKING: European Union halts approval for AstraZeneca Covid vaccine.

Moderna and Pfizer will most likely follow soon. https://t.co/YjkmXi8iKx",en,2024-05-06T11:37:54.000Z,1787446688442916920,0.3631334361572912,0.8738769200405987,0.9999999996863034,1.9110313871205675e-25,158,56,1,1,-0.636866564,0.8738769200405987,0.3631334361572912,-1.510743484,TRUE,1.5107434835696107,negative,healthcare
1660633636150935554,['1660633636150935554'],Experimental influenza vaccine https://t.co/yPIsO3umHo A trial with 50 people to detect safety issues with new mRNA influenza vaccine. Is this a joke NIH?,en,2023-05-22T13:08:06.000Z,1660633636150935554,0.3959580589414126,0.959412296,0.9999999999894762,0.138210237,88,107,1,1,-0.604041941,0.821202059,0.3959580589414126,-1.425244,TRUE,1.4252440003468485,negative,healthcare
1722687813148356983,['1722687813148356983'],I think this might be vaccine related. Does any mainstream pro vax doctor agree with me? https://t.co/c4aUAF1Jro,en,2023-11-09T18:49:15.000Z,1722687813148356983,0.2957635581038674,0.9771357551734084,0.781180708,0.097038518,296,168,3,1,-0.485417149,0.880097238,0.2957635581038674,-1.365514387,TRUE,1.3655143870504207,negative,healthcare
1801953395340665088,['1801953395340665088'],Abortion is an act of violence. Deadly violence. https://t.co/SKkFe4Xug2,en,2024-06-15T12:22:22.000Z,1801953395340665088,0.5139940708206916,0.9662474882188024,0.941465565,0.028718948,260,1742,2,2,-0.427471495,0.9375285399181992,0.5139940708206916,-1.365000034,TRUE,1.3650000344964577,negative,healthcare
1682368329535684608,['1682368329535684608'],Republicans LIED when they said they wouldn't send girls and women to prison for having an abortion. https://t.co/0YIkMIw37M,en,2023-07-21T12:34:01.000Z,1682368329535684608,0.982601457,0.4886489043654339,3.930147339411209e-05,0.9999999999999396,398,238,3,2,0.982562155,-0.511351096,0.4886489043654339,1.4939132508640798,TRUE,1.4939132508640798,positive,healthcare
1799184767318978683,"['1799184582039728215', '1799184767318978683']",Is Farage a fucking idiot? Why would anyone wanna go to a privatised healthcare system? Has he looked at the state of America’s healthcare? Has he considered it’s going completely backwards to want private healthcare? Let me guess he has shares in private healthcare insurance…,en,2024-06-07T21:00:50.000Z,1799184767318978683,0.9619247168341704,0.5516853440302605,0.065641288,0.9992969890706742,127,28,1,1,0.8962834288173294,-0.447611645,0.5516853440302605,1.343895073857743,TRUE,1.343895073857743,positive,healthcare
1655656702614577167,['1655656702614577167'],"NEW: Today, I’m leading 11 AGs calling for federal action to address the health &amp; safety risks of gas stoves, which emit pollutants that have a disparate negative impact on children &amp; underserved communities and put DC residents at risk of asthma and other respiratory illnesses.",en,2023-05-08T19:31:33.000Z,1655656702614577167,0.9918267530797992,0.2815342041015194,0.375094485,0.9965175344301692,615,41,1,1,0.6167322681491301,-0.71498333,0.2815342041015194,1.3317155984777798,TRUE,1.3317155984777798,positive,healthcare
1659552178720178179,['1659552178720178179'],Good morning! A reminder that healthcare for transgender people is settled science. Every major medical association supports this critical life-saving care. https://t.co/dG8lRKrzvA,en,2023-05-19T13:30:47.000Z,1659552178720178179,0.879153489,0.1541125265283111,0.022849822,0.4916524179653311,7340,3473,14,3,0.8563036677947421,-0.337539891,0.1541125265283111,1.193843559231762,TRUE,1.193843559231762,positive,healthcare
1632122947467976704,['1632122947467976704'],"Sudden Cardiac Deaths in Young People: ""It's Due to the Covid-19 Vaccine Until Proven Otherwise""

""Autopsy study after autopsy study shows that, in fact, the vaccines are the cause of death,"" reported Dr. McCullough.

""A recent one by Schwab and colleagues from Heidelberg, https://t.co/Qrl419LfOU",en,2023-03-04T20:56:48.000Z,1632122947467976704,0.9280430575790548,0.8316581306778252,1.9791948484508105e-17,0.9991390604473251,21,31,1,1,0.9280430575790548,-0.16748093,0.8316581306778252,1.095523987348555,TRUE,1.095523987348555,positive,healthcare
1719443605448741290,['1719443605448741290'],"Abortion, Every Day Exclusive:   

Idaho has brought forward charges in the state's first 'abortion trafficking' case.  

Law enforcement used geolocation data to place a teenager at an Oregon abortion clinic. https://t.co/Ndisv2sjmB",en,2023-10-31T19:57:55.000Z,1719443605448741290,0.964406999,0.5516721938467354,0.1740164887856428,0.8314569667202102,933,262,3,1,0.7903905102625952,-0.279784773,0.5516721938467354,1.070175283,TRUE,1.070175283,positive,healthcare
1758614533185147350,['1758614533185147350'],"Jfc @united, the air quality on this flight is horrifying and one, maybe two other people on this full flight of 170 people are wearing a mask. A reading like this means air is not circulating. CO2 itself at these levels are unhealthy, not to mention viruses being breathed out. https://t.co/aFCzQ06xzE",en,2024-02-16T22:09:12.000Z,1758614533185147350,0.9548320505317288,0.6701499706808389,0.053770973,0.8204560135270981,325,117,1,1,0.9010610777188172,-0.150306043,0.6701499706808389,1.0513671205650763,TRUE,1.0513671205650763,positive,healthcare
1773474196099883009,['1773474196099883009'],joe lieberman is an obama era rotating villian. he died after falling in his home surrounded by his family. he spent his life warmongering and stopping americans from having universal healthcare. absolute piece of shit and a staple of the democratic party,en,2024-03-28T22:16:12.000Z,1773474196099883009,0.8141309594506526,0.5532606866138425,8.760981056387536e-19,0.7338870746204571,16,164,1,1,0.8141309594506526,-0.180626388,0.5532606866138425,0.9947573474572672,TRUE,0.9947573474572672,positive,healthcare
1617265849986949124,['1617265849986949124'],"House Republicans have proposed a new 23% national sales tax on American families, increasing the prices of everything from groceries and gas to food and medicine.

American families need more breathing room. Not less.",en,2023-01-22T21:00:00.000Z,1617265849986949124,0.9826392613402452,0.5163464749308136,0.097562419,0.6154099869069987,1685,395,3,1,0.8850768428261068,-0.099063512,0.5163464749308136,0.9841403548022918,TRUE,0.9841403548022918,positive,healthcare
1669013303304114177,['1669013303304114177'],"Later today, @ourcommons will vote on the Conservatives' latest attempt to reopen the abortion debate in Canada.

@PierrePoilievre's decision to fast track this bill shows where his priorities lie. https://t.co/evpYZxs6P9",en,2023-06-14T16:05:54.000Z,1669013303304114177,0.9635774807214016,0.5106630760878318,0.1746257462100415,0.6860163475387893,311,48,2,2,0.7889517345113601,-0.175353271,0.5106630760878318,0.9643050059623176,TRUE,0.9643050059623176,positive,healthcare
1375104800451399680,['1375104800451399680'],"If Vaccines work - why are we continuing to lockdown people who have had them?

If Vaccines don't work - why are we insisting that vaccine passports are required, to enter pubs for example?

Which is it?",en,2021-03-25T15:18:27.000Z,1375104800451399680,1,1,,,1,4,1,0,1,1,1,0,TRUE,0,center,healthcare
1829958674015498515,['1829958674015498515'],I have been a projmoon fan since 2013. I have read the original odyssey. I have a girlfriend. I do not have unhealthy masturbation habits. Remember these before you try to irritate me in the replies. I give absolutely zero fucks and I am unbothered. Don't waste your time.,en,2024-08-31T19:05:21.000Z,1829958674015498515,1,1,,,80,20,1,0,1,1,1,0,TRUE,0,center,healthcare
1389315093792399360,['1389315093792399360'],"BREAKING: Biden announces plan for 4th stimulus check, but only for Americans with proof of vaccination",en,2021-05-03T20:25:05.000Z,1389315093792399360,1,1,,,1,9,1,0,1,1,1,0,TRUE,0,center,healthcare
1781956573725704445,['1781956573725704445'],"Pakistan dispatches its 8th tranche of humanitarian assistance for Gaza of 400 tons consisting of winterized tents, tarpaulins, blankets, medicines and food supplies through sea. The shipment will be received  by the Pakistani Ambassador at Port Said, Egypt and handed over to the https://t.co/PJDdaWqiCl",en,2024-04-21T08:02:08.000Z,1781956573725704445,1,1,,,4,15,1,0,1,1,1,0,TRUE,0,center,healthcare
1400467643497205769,['1400467643497205769'],Back in California for the first time since I fled. People are not fully free here and it’s sad to see. The homelessness has gotten worse too. Glad @GavinNewsom is spending $116.5 million pushing the experimental vaccine with his lottery 🙄,en,2021-06-03T15:01:20.000Z,1400467643497205769,1,1,,,1,4,1,0,1,1,1,0,TRUE,0,center,healthcare
1406329207941074950,['1406329207941074950'],"How radical is the @USCCB decision? A Catholic can love Jesus with all her heart, oppose abortion &amp; work at Catholic Relief Services. But if she believes government shouldn’t put women in jail for an abortion, then she can be denied Communion.

No wonder membership is declining. https://t.co/nqj0TJKy1e",en,2021-06-19T19:13:06.000Z,1406329207941074950,1,1,,,6,1,1,0,1,1,1,0,TRUE,0,center,healthcare
1407552010849685507,['1407552010849685507'],"""Death rate from variant COVID virus six times higher for vaccinated than unvaccinated, UK health data show.
Hospitalizations are also higher among thousands of fully vaccinated individuals who test positive for the Delta COVID ‘variant of concern.’""
Gosh!
https://t.co/qCclp4v1jV",en,2021-06-23T04:12:05.000Z,1407552010849685507,1,1,,,1,3,1,0,1,1,1,0,TRUE,0,center,healthcare
1410946337533726724,['1410946337533726724'],AND now with all this sex “education” more girls than ever are getting pregnant and abortion rates are out the roof... sooooooo what’s YOUR point? https://t.co/63R59iCPOc,en,2021-07-02T12:59:55.000Z,1410946337533726724,1,1,,,2,34,1,0,1,1,1,0,TRUE,0,center,healthcare
1420764010056536084,['1420764010056536084'],"We are running this vaccine PSA on Fox News statewide tomorrow.

RT to help us end the pandemic of unvaccinated in Florida &amp; the nation. https://t.co/DuPCOZsK04",en,2021-07-29T15:11:51.000Z,1420764010056536084,1,1,,,5,0,1,0,1,1,1,0,TRUE,0,center,healthcare
1427976489891471361,['1427976489891471361'],"If we’re now agreed that vaccines don’t prevent you from spreading or getting COVID, and the only benefit is reduced symptoms, it is a PERSONAL CHOICE.

All vaccine mandates are anti-science.",en,2021-08-18T12:51:40.000Z,1427976489891471361,1,1,,,2,10,1,0,1,1,1,0,TRUE,0,center,healthcare
1672590053795667970,"['1672589081933479936', '1672590053795667970']","A nuclear war would trigger Obama’s executive order 13603, suspending the US Constitution.

This 10-page document https://t.co/6lwCiYkJ3T is a blueprint for a federal takeover of the economy that would dwarf any tyranny we’ve seen within these borders since King George.

It would",en,2023-06-24T12:58:38.000Z,1672590053795667970,0.2970782931493899,0.9856225796061882,0.9894880943518688,3.116660105284788e-16,1810,513,1,1,-0.692409801,0.9856225796061878,0.2970782931493899,-1.678032381,TRUE,1.6780323808086668,negative,cost of living
1787137061322912236,['1787137061322912236'],"Britain built India and Pakistan's infrastructure and incorporated them into the global economy, gave them the international language of commerce, prevented you from massacring each other, and yet you are still here, so your victim thesis does not justify itself. 

Why would we https://t.co/tBzuU59G47",en,2024-05-05T15:07:33.000Z,1787137061322912236,0.2674679435870443,0.990743327,0.7836595260381037,1.2569315731837258e-08,256,19,4,1,-0.516191582,0.9907433146571364,0.2674679435870443,-1.506934897,TRUE,1.506934897108196,negative,cost of living
1608841121249255425,['1608841121249255425'],The IRS doesn’t have Biden’s tax returns because he files his taxes in Ukraine.,en,2022-12-30T15:03:08.000Z,1608841121249255425,0.543684461,0.9999034918440772,0.9999999999999818,0.01191377,20,77,1,1,-0.456315539,0.9879897213528888,0.543684461,-1.444305261,TRUE,1.4443052608079725,negative,cost of living
1743611350222336201,['1743611350222336201'],"Happy Tax Cut Day. 

From today, 27 million workers get a tax cut because of the cut to National Insurance. 

Supporting hard working people.",en,2024-01-06T12:31:55.000Z,1743611350222336201,0.7489201835980395,0.9976046186884172,1,2.759793113130552e-18,152,454,2,1,-0.251079816,0.9976046186884172,0.7489201835980395,-1.248684435,TRUE,1.2486844350903776,negative,cost of living
1761782081351196814,['1761782081351196814'],"3/

Google that, find 
https://t.co/U9HwDVOUN7

Skim it, realize that the measurement is NOT CPI-like (where a fixed basket of goods is priced each month / quarter), but instead a SURVEY of people asking them what they spent (for a NON FIXED basket of goods).",en,2024-02-25T15:55:55.000Z,1761782081351196814,0.7112441998837873,0.9377687268924026,0.9999797166958372,7.407929829963889e-13,66,74,1,1,-0.288735517,0.937768727,0.7112441998837873,-1.226504244,TRUE,1.2265042437037117,negative,cost of living
1673740554847526912,['1673740554847526912'],This is where your tax money is going https://t.co/pVLm7d0zGK,en,2023-06-27T17:10:19.000Z,1673740554847526912,0.4053194350992934,0.7404515198598549,0.8637098734519733,0.000141626,77,66,2,1,-0.458390438,0.7403098935416904,0.4053194350992934,-1.198700332,TRUE,1.1987003318943703,negative,cost of living
1763644702719721777,"['1763644165257351332', '1763644702719721777']","Per WSJ: “It’s official: CDC now says Covid is the flu.”

Can it be that we shut the world down creating incalculable damage to our economy and kids, and trampled on individual rights over a flu? Or is it that a small band of people went to extremes to cover up their Frankenstein",en,2024-03-01T19:17:18.000Z,1763644702719721777,0.5660568135517327,0.9403824063590426,0.8291843684927218,0.022771845,255,406,3,1,-0.263127555,0.9176105617453476,0.5660568135517327,-1.180738117,TRUE,1.1807381166863369,negative,cost of living
1670442514778820610,['1670442514778820610'],"“We spent $16 trillion on the lockdowns. We got nothing for it. $8 trillion on the Ukraine war. That’s $24 trillion that they had to print to pay for nothing. That money, the way they’re paying it back, it’s a hidden tax called inflation, and it hits the poor and the middle https://t.co/Ic4VHoGnLt",en,2023-06-18T14:45:05.000Z,1670442514778820610,0.7896489110588367,0.9485321102887764,0.9999995566321298,0.048087391,535,892,5,2,-0.210350646,0.9004447189770377,0.7896489110588367,-1.110795365,TRUE,1.1107953645503308,negative,cost of living
1804158142076366859,['1804158142076366859'],It's not right for hard working people to pay the price for Net Zero.,en,2024-06-21T14:23:15.000Z,1804158142076366859,0.4852901041535851,0.8645123704454093,0.8143271965320713,0.1097388670629439,182,256,2,4,-0.329037092,0.7547735033824654,0.4852901041535851,-1.083810596,TRUE,1.0838105957609516,negative,cost of living
1741449789122740363,['1741449789122740363'],"🚨 NEW: Labour would lump families with a £2,200 tax bombshell.

@RicHolden is right to call out Starmer's disasterous plot to borrow £28 billion more every year.

Labour's copy and paste approach would put Britain's economic progress back to square one.
https://t.co/lZlLhhpNnr",en,2023-12-31T13:22:38.000Z,1741449789122740363,0.5919652164377752,0.9247374394314952,0.9999978211107898,0.2555144852129268,55,193,3,1,-0.408032605,0.6692229542185684,0.5919652164377752,-1.077255559,TRUE,1.0772555588915829,negative,cost of living
1828808627995517087,['1828808627995517087'],The results are in: Venture Capital overwhelmingly supports Kamala Harris' opportunity economy. The @VCsForKamala team surveyed pledge signatories and found strong alignment across economic and social policy proposals. Read the full results at https://t.co/I9H0PHdBuu https://t.co/OUuYtSpRzn,en,2024-08-28T14:55:29.000Z,1828808627995517087,0.9586116083301178,0.1133385617357772,0.070884429,0.9981978483422674,223,21,3,1,0.8877271789795533,-0.884859287,0.1133385617357772,1.7725864655860435,TRUE,1.7725864655860435,positive,cost of living
1650932061140668416,['1650932061140668416'],"Jean-Pierre: ""[Republicans] are fighting to put fentanyl on the street by defunding border patrol... The only things House Republicans are committed to giving Americans are increased crime, lower economic growth, and more manufacturing jobs sent back to China."" https://t.co/cyWZG79Inq",en,2023-04-25T18:37:30.000Z,1650932061140668416,0.980311279,0.4006395057656465,3.58072747292287e-06,0.9199475191157488,1448,129,3,1,0.9803076987666252,-0.519308013,0.4006395057656465,1.4996157121167273,TRUE,1.4996157121167273,positive,cost of living
1687526381331021824,['1687526381331021824'],"Our economy added 187,000 jobs last month, and we've added 13.4 million jobs since I took office.

That’s Bidenomics. https://t.co/o97NAH69d5",en,2023-08-04T18:10:16.000Z,1687526381331021824,0.9126297041399144,0.4215589016376006,6.713783805212422e-19,0.9999999027082832,126,76,3,1,0.9126297041399144,-0.578441001,0.4215589016376006,1.4910707052105967,TRUE,1.4910707052105967,positive,cost of living
1827124351826534850,['1827124351826534850'],This is going mainstream.  Write “vote Kamala Harris for no tax on tips” on your receipts. I did. https://t.co/LotSDU557K,en,2024-08-23T23:22:46.000Z,1827124351826534850,0.937663239,0.2957957412525688,0.1769991006264141,0.9062094227947548,1017,147,3,1,0.7606641381381678,-0.610413682,0.2957957412525688,1.3710778196803537,TRUE,1.3710778196803537,positive,cost of living
1604157473870401537,['1604157473870401537'],"So Biden just turned a profit for American taxpayers by refilling America’s Strategic Petroleum Reserve at today’s lower prices that are caused by selling the reserves earlier this year.

How many Republicans will mention this?",en,2022-12-17T16:52:00.000Z,1604157473870401537,0.9456458654261164,0.5197134684878869,0.069426544,0.999996026,140,64,2,1,0.8762193210637514,-0.480282557,0.5197134684878869,1.3565018785510643,TRUE,1.3565018785510643,positive,cost of living
1720456134404808782,['1720456134404808782'],"Our economy gained 150,000 jobs last months, for a total of 14 million jobs created under President Biden.

Bidenomics is growing the economy from the middle out and bottom up – not the top down. https://t.co/jRTTSVENGN",en,2023-11-03T15:01:21.000Z,1720456134404808782,0.974274817,0.5315691606039695,0.1431870241947696,0.9995645739664069,81,63,1,1,0.8310877928902393,-0.467995413,0.5315691606039695,1.2990832062526767,TRUE,1.2990832062526767,positive,cost of living
1765161920414224516,['1765161920414224516'],"Amazon UK sells $31bn of stuff in the UK a year.

It pays £0 tax.

Vodafone, Shell, BP and many others pull the same trick, this is why YOUR tax bills are so high, because theirs are ZERO and they are multibillionaires.",en,2024-03-05T23:46:11.000Z,1765161920414224516,0.8998573206828749,0.5132294514390153,3.222514921833445e-07,0.8737091030987097,53,126,1,1,0.8998569984313828,-0.360479652,0.5132294514390153,1.260336650091077,TRUE,1.260336650091077,positive,cost of living
1811335371558646218,['1811335371558646218'],"Tesla CEO Elon Musk has given up, at least for now, on his vision of a $25,000 electric vehicle, but rival Western carmakers have picked up his idea, and at least five of them plan to release EVs in that price range in the coming year or two. Learn More",en,2024-07-11T09:43:00.000Z,1811335371558646218,0.9539500010735148,0.2746754162301128,0.2354643818663147,0.7648879699343399,1082,632,4,1,0.718485619,-0.490212554,0.2746754162301128,1.208698172911427,TRUE,1.208698172911427,positive,cost of living
1682505983845711873,['1682505983845711873'],"Here’s what Bidenomics looks like:

Over 13 million new jobs, including 800,000 manufacturing jobs.
Unemployment below 4%, the longest stretch in the last 50 years.
Inflation has slowed every single month for the last 12 months.

We're building the economy for the middle class.",en,2023-07-21T21:41:00.000Z,1682505983845711873,0.9747818918732868,0.4041001160872717,0.2484949906222718,0.8766097703628422,1167,431,4,1,0.7262869012510149,-0.472509654,0.4041001160872717,1.1987965555265854,TRUE,1.1987965555265854,positive,cost of living
1762848417288475038,['1762848417288475038'],".@Wendys is planning to try out “surge pricing” — that means you could pay more for your lunch, even if the cost to Wendy’s stays exactly the same. 

It’s price gouging plain and simple, and American families have had enough.https://t.co/dbJuhAM6vp",en,2024-02-28T14:33:09.000Z,1762848417288475038,0.916701814,0.5745239059554587,0.095035989,0.7929908122237328,364,196,2,1,0.8216658253335952,-0.218466906,0.5745239059554587,1.0401327316018694,TRUE,1.0401327316018694,positive,cost of living
1803051080206385510,['1803051080206385510'],Kenya scraps bread tax as protesters tear-gassed https://t.co/Le52jlt7h3,en,2024-06-18T13:04:11.000Z,1803051080206385510,1,1,,,3,10,3,0,1,1,1,0,TRUE,0,center,cost of living
1463168201056038912,['1463168201056038912'],"The Build Back Better Act will cap out-of-pocket insulin costs at $35 per month. 

Thinking of Alec Smith, a Minnesota restaurant manager who tragically passed away because he couldn’t afford the cost of his insulin.

This insulin cap is for him and so many others.",en,2021-11-23T15:30:58.000Z,1463168201056038912,1,1,,,1,3,1,0,1,1,1,0,TRUE,0,center,cost of living
1526957786592059392,['1526957786592059392'],$COST raising hot dog prices in food court by $1 due to inflation,en,2022-05-18T16:08:00.000Z,1526957786592059392,1,1,,,2,4,1,0,1,1,1,0,TRUE,0,center,cost of living
1765408001760858340,['1765408001760858340'],Texas residents have complained that industrial-scale bitcoin mines are driving up energy prices and destroying the quality of life of those living nearby. https://t.co/TDzW6F1nfq,en,2024-03-06T16:04:01.000Z,1765408001760858340,1,1,,,20,8,1,0,1,1,1,0,TRUE,0,center,cost of living
1815650483383443782,['1815650483383443782'],"Trivia : In 1974, then PM Indira Gandhi had proposed a 97.5% tax.
If you earned Rs 10k, the govt would take away Rs 9750 , leaving you with just 250 rupees. 🌚 https://t.co/h7omVxpxUH",en,2024-07-23T07:29:43.000Z,1815650483383443782,1,1,,,4,0,1,0,1,1,1,0,TRUE,0,center,cost of living
1755306630911267120,['1755306630911267120'],"Private equity group tried to buy a baseball team in Japan.  

They determined if they melted the stadium metals, the value was enough to recoup their purchase price.  

That was enough to protect their downside - so they bought it. https://t.co/H8qhso3M8z",en,2024-02-07T19:04:47.000Z,1755306630911267120,1,1,,,13,11,1,0,1,1,1,0,TRUE,0,center,cost of living
1772206856712110557,['1772206856712110557'],"""What people don't realise is people on £100,000 get taxed 40% of their wages.""

📞 Liezel from Cumbria is a stay-at-home mum who is denied childcare support because of the tax bracket her household income falls into.

@theJeremyVine | #JeremyVine https://t.co/MGzt00ZvZT",en,2024-03-25T10:20:15.000Z,1772206856712110557,1,1,,,4,14,1,0,1,1,1,0,TRUE,0,center,cost of living
1776091165772677275,['1776091165772677275'],"Here's how our money is being spent. We must replace every politician who continues to allocate taxpayers' funds to Ukraine, the highest corrupt country in the universe.

https://t.co/XLnVNpGKKL",en,2024-04-05T03:35:06.000Z,1776091165772677275,1,1,,,7,22,3,0,1,1,1,0,TRUE,0,center,cost of living
1742262368447668733,['1742262368447668733'],#Ecigs increased health costs by $15.1 billion in 2018 https://t.co/SpJnFRTYQM,en,2024-01-02T19:11:32.000Z,1742262368447668733,1,1,,,39,10,1,0,1,1,1,0,TRUE,0,center,cost of living
1826484444200419344,['1826484444200419344'],🚨 Indian star player Archana Kamath quits table tennis to pursue economics at the University of Michigan due to a lack of financial and monetary returns in sport. https://t.co/xIxNqMj5V7,en,2024-08-22T05:00:00.000Z,1826484444200419344,1,1,,,2,4,1,0,1,1,1,0,TRUE,0,center,cost of living
1743969431829819766,['1743969431829819766'],"Nimarata Randhawa is a Sikh 

The media is trying to con her off as a Christian to boomers 

That’s why she goes by her more American sounding name too

Good tactic to fool voters, but deceptive. Industry plant - 🐍 https://t.co/mzaIhMOUGp",en,2024-01-07T12:14:48.000Z,1743969431829819766,0.4674666439738974,0.8511929404196638,0.9864356051942912,2.8546116457607688e-05,112,27,1,1,-0.518968961,0.8511643943032061,0.4674666439738974,-1.370133356,TRUE,1.370133356,negative,religion
1748877778022187317,['1748877778022187317'],"😍 This device cleans glasses and jewelry very EASILY!💎 The Ultrasonic Cleaner provides ultimate deep cleaning in less than 5 minutes.
✅ Cleans the PLACES you can't reach!

🔥Shop here!👉 https://t.co/rFpLjUW7dl https://t.co/Iq6X0xOdRJ",en,2024-01-21T01:18:49.000Z,1748877778022187317,0.589484709,0.9999999999399696,0.9550983600932982,1.3103457733858445e-15,11,20,1,1,-0.365613651,0.9999999999399684,0.589484709,-1.365613651,TRUE,1.3656136508070276,negative,religion
1682207921533485057,['1682207921533485057'],"FBI arrests 17 Jewish Rabbis in New Jersey charged with trafficking human organs, baby parts and money laundering. https://t.co/X9RxBYtuYu",en,2023-07-21T01:56:37.000Z,1682207921533485057,0.6627089752857032,0.973254261,1,2.433563715224605e-23,76,59,2,1,-0.337291025,0.973254261,0.6627089752857032,-1.310545286,TRUE,1.3105452855520527,negative,religion
1668607884119388160,['1668607884119388160'],"FRANCE: ""Christian"" who stabbed toddlers &amp; babies   Turns out to be a ""Muslim"" named Selwan Majd

https://t.co/EMAr6XgjSH",en,2023-06-13T13:14:55.000Z,1668607884119388160,0.7228673394923265,0.8978542961678697,1,1.2487109388329304e-26,133,147,4,1,-0.277132661,0.8978542961678697,0.7228673394923265,-1.174986957,TRUE,1.174986956675543,negative,religion
1676986538083643397,['1676986538083643397'],"This is Israel! 🇮🇱

A Jewish IDF soldier guards while his Muslim brother-in-arm is praying. https://t.co/JyeqR06saA",en,2023-07-06T16:08:42.000Z,1676986538083643397,0.7279246001201015,0.9824971039575184,0.9141262467262806,2.5926929537249613e-07,105,696,2,1,-0.186201647,0.982496845,0.7279246001201015,-1.168698491,TRUE,1.168698491294402,negative,religion
1794785738615378370,['1794785738615378370'],"6) A common Spanish surname is Matamoros, which means “Moor Slayer.” It is taken from Santiago Matamoros (aka Saint James the Moor-slayer), who according to legend massacred 60K Muslims. What a shameful name! https://t.co/kQNrrqPPtb",en,2024-05-26T17:40:40.000Z,1794785738615378370,0.5047940687800171,0.9801196034140268,0.6118349069954884,0.013309557,75,66,1,1,-0.107040838,0.9668100468365236,0.5047940687800171,-1.073850885,TRUE,1.0738508850519948,negative,religion
1767038945475322025,['1767038945475322025'],"Imagine eating a huge meal.
Now imagine eating 2 huge meals in a single day.
Now imagine eating 2 huge meals per day for an entire month.
Now imagine eating 2 huge meals per day for an entire month and calling it ""fasting.""
Welcome to Islam (aka ""Opposite World"").
#Ramadan2024 https://t.co/Wk7Bm8eF1o",en,2024-03-11T04:04:49.000Z,1767038945475322025,0.3489435634915466,0.9948441584024924,0.7736127425043664,0.3526233254665454,13,246,1,1,-0.424669179,0.6422208329359469,0.3489435634915466,-1.066890012,TRUE,1.0668900119487668,negative,religion
1779055776880869839,['1779055776880869839'],"BREAKING:

Video of Australians fleeing in panic after the Islamist terror attack in Sydney.

Several people stabbed to death.

We don’t have to live like this https://t.co/7pertHlNAq",en,2024-04-13T07:55:25.000Z,1779055776880869839,0.4729854344939049,0.9307928241476982,0.6962676768833559,0.1041504737710604,263,275,7,2,-0.223282242,0.8266423503766377,0.4729854344939049,-1.049924593,TRUE,1.0499245927660883,negative,religion
1802064923956244578,['1802064923956244578'],"BREAKING: The flag of a terrorist organization at the Euro 2024 in Germany.

Albania's fans raised the flag of their Islamistic terrorist organization ""UCK"", known for murdering Christians and harvesting the organs of its victims on the territory of Serbia. https://t.co/RVc74cWPf8",en,2024-06-15T19:45:33.000Z,1802064923956244578,0.2782267514313776,0.927178682,0.5464570037929717,0.1477767222722285,122,168,2,1,-0.268230252,0.7794019600927476,0.2782267514313776,-1.047632212,TRUE,1.0476322124543418,negative,religion
1815312759552090434,['1815312759552090434'],"KAMALA HARRIS IS AN INDIAN WOMAN MARRIED TO A JEWISH MAN.

THERE IS NOTHING BLACK ABOUT HER.",en,2024-07-22T09:07:43.000Z,1815312759552090434,0.4524256136170159,0.9704637857346134,0.5213494669260171,0.002358659,306,393,5,1,-0.068923853,0.968105127,0.4524256136170159,-1.03702898,TRUE,1.0370289801134311,negative,religion
1650881513461026819,['1650881513461026819'],"Is the Community Notes section of Twitter that @elonmusk brags about racist and anti-Semitic? I don’t know. But the below community note is racist and anti-Semitic.

It’s also false. Great Replacement Theory is not widely celebrated. It’s a fringe, neo-Nazi conspiracy theory. https://t.co/xhEtNYn4kf",en,2023-04-25T15:16:39.000Z,1650881513461026819,0.8361985149944674,0.3289222835316226,1.284837346089945e-12,0.9994337994492272,32,56,3,1,0.8361985149931825,-0.670511516,0.3289222835316226,1.506710030910787,TRUE,1.506710030910787,positive,religion
1749077089913901363,['1749077089913901363'],"Ssh🤫 It’s ‘antisemitism’ to speak out against Israel harvesting organs from Palestinian children &amp; critically think about how harvesting organs of a persecuted minority is what Nazi Germany did to European Jews, European Romani &amp; others. Ssh! History is repeating itself but we https://t.co/RhyfqCt9VQ",en,2024-01-21T14:30:49.000Z,1749077089913901363,0.9207908416782186,0.5628324403438879,0.034279106,0.9999999996681234,458,190,6,1,0.8865117352548894,-0.437167559,0.5628324403438879,1.323679294579125,TRUE,1.323679294579125,positive,religion
1762508807303757934,"['1762508653435801666', '1762508807303757934']","I see @TIME is going hard into genocide consent manufacturing.

I’ll not hold my breath for the cover piece on Islamophobia—which is at the root of a current fucking genocide. https://t.co/PgezMzs8fQ",en,2024-02-27T16:03:40.000Z,1762508807303757934,0.8703026214343325,0.5494424597510323,1.3514039716496849e-18,0.9999999999998695,80,59,2,1,0.8703026214343325,-0.45055754,0.5494424597510323,1.3208601616831697,TRUE,1.3208601616831697,positive,religion
1830003178097545443,['1830003178097545443'],"Bestiality in Hinduism:

Hinduism is the only religion that teaches the permissibility of besitiality. 

Sometimes the animals are dead (as in the Ashvamedha ritual which entails sex with a dead horse). 

However, other times living animals are raped. 

Consider the famous Hindu https://t.co/8ZokMSFfvG",en,2024-08-31T22:02:12.000Z,1830003178097545443,0.8282882490157184,0.2782635641454756,0.2527444899584953,0.9949454949168528,184,191,5,2,0.5755437590572231,-0.716681931,0.2782635641454756,1.2922256898286002,TRUE,1.2922256898286002,positive,religion
1760671798776184868,['1760671798776184868'],"When the USA turned away Jewish refugees during the Holocaust…it was the Palestinians that accepted them. When Europe was helping Hitler to achieve the final solutions, many Palestinians were shielded their Jewish neighbours. So why is them that must pay for the West’s crimes?",en,2024-02-22T14:24:03.000Z,1760671798776184868,0.9918399116268224,0.7353327560647821,2.9779020600810474e-16,0.999900569,605,143,2,1,0.9918399116268222,-0.264567813,0.7353327560647821,1.2564077249086392,TRUE,1.2564077249086392,positive,religion
1779194902074577284,"['1779194818117144989', '1779194902074577284']","A jew murdered 6 people in Sydney

I want to make sure we highlight his religion

Because the media won’t

Why would they? You only bring up religion when it’s a Muslim perpetrator 

Plus They turned a blind eye to what ‘they’ have been doing in Gaza

Needless to say I give My https://t.co/fBkcT6SLXk",en,2024-04-13T17:08:15.000Z,1779194902074577284,0.927412803,0.3395346642558174,0.011473743,0.5700701961069495,60,112,1,1,0.9159390601675887,-0.230535532,0.3395346642558174,1.146474592018721,TRUE,1.146474592018721,positive,religion
1752730710522183948,['1752730710522183948'],"MORE THAN 100 BOMB THREATS MADE AGAINST JEWISH COMMUNITY CENTERS

1 ISRAELI TEENAGER WAS RESPONSIBLE FOR THE MAJORITY https://t.co/OMwnQCt7Hn",en,2024-01-31T16:29:00.000Z,1752730710522183948,0.8382226243448345,0.452304654,0.011725045,0.6823165591533316,70,256,3,1,0.8264975796342601,-0.230011905,0.452304654,1.0565094843489478,TRUE,1.0565094843489478,positive,religion
1820571769381818490,['1820571769381818490'],"I am Hindu, and my friends from every religion in Bangladesh are here to protect me. 

We built this Bangladesh together. We are united.

It’s Loud and Clear

#hinduaresafeinbangladesh",en,2024-08-05T21:25:09.000Z,1820571769381818490,1,0.023531895,,,18,3,1,0,1,0.023531895,0.023531895,0.976468105,TRUE,0.976468105,positive,religion
1798914248510517365,['1798914248510517365'],IDF brass concerned that many soldiers are now suffering from burns after prolonged exposure to the sun. #Semitic https://t.co/1J5Z4atfCE,en,2024-06-07T03:05:53.000Z,1798914248510517365,0.952595777,0.5593965303158898,0.06184763,0.6055279860061334,290,500,3,2,0.8907481469638451,-0.046131456,0.5593965303158898,0.9368796026540888,TRUE,0.9368796026540888,positive,religion
1721727636970565689,['1721727636970565689'],"#BREAKING Elderly Jewish man dies after confrontation with pro-Palestinian protesters in Westlake Village
https://t.co/QfQD5Oy1uZ",en,2023-11-07T03:13:51.000Z,1721727636970565689,0.9453385646430676,0.5927353873067895,0.1791097330307025,0.7562569011885069,1675,142,3,1,0.7662288316123651,-0.163521514,0.5927353873067895,0.9297503454940824,TRUE,0.9297503454940824,positive,religion
1442277811767713793,['1442277811767713793'],"Why is @RepThomasMassie our 'Antisemite of the Week'? 

- Only R to vote against Iron Defense Dome funding
- Only R to vote against labeling BDS as antisemitic
- Voted AGAINST Holocaust education 
- Trivializes Holocaust with vile COVID comparisons

More: https://t.co/dPBpwHFM1w https://t.co/6UN2G0nctN",en,2021-09-27T00:00:01.000Z,1442277811767713793,1,1,,,8,3,1,0,1,1,1,0,TRUE,0,center,religion
1714506271595135284,['1714506271595135284'],🚨 BIG BREAKING Live footage of the moment Gaza hospital was bombed by Hamas own misfired rocket. Reminder: 30-40% of Hamas' rockets misfire and land short in the Gaza Strip.   Israeli Airstrike | Islamic Jihad | Misfired | Orange | Failed Hamas Rocket | No IDF | FIVE HUNDRED | https://t.co/gUSEBRVYeh,en,2023-10-18T04:58:43.000Z,1714506271595135284,1,1,,,15,14,1,0,1,1,1,0,TRUE,0,center,religion
1584961003955302401,['1584961003955302401'],"Rishi Sunak, the new British Prime Minister, performing a Hindu ritual at the front door of a Hindu temple in London a few months before being asked to take over the reigns of power as Prime Minister and to form a new Government by King Charles 111. 
...1 https://t.co/hzqs2uC8eT",en,2022-10-25T17:32:05.000Z,1584961003955302401,1,1,,,1,8,1,0,1,1,1,0,TRUE,0,center,religion
1813823709549146284,['1813823709549146284'],we’re literally “HINDUSTANI”,en,2024-07-18T06:30:46.000Z,1813823709549146284,1,1,,,3,7,1,0,1,1,1,0,TRUE,0,center,religion
1726642548322758803,['1726642548322758803'],This is how @X has become the most antisemitic platform after @tiktok_uk of course.  Why are they not banned? https://t.co/1kZYprsbcC https://t.co/8ISRmMfKmo,en,2023-11-20T16:43:57.000Z,1726642548322758803,1,1,,,11,31,1,0,1,1,1,0,TRUE,0,center,religion
1612714110742822912,['1612714110742822912'],This is a Chinese officer beating a Muslim Uyghur for having a copy of the Quran in his house! Everyone send this out so the world knows what is happening in East Turkistan. https://t.co/CEOn0MXVDd,en,2023-01-10T07:33:01.000Z,1612714110742822912,1,1,,,21,24,1,0,1,1,1,0,TRUE,0,center,religion
1778164268812136703,['1778164268812136703'],"And here is the Royal Flush:

Lords Cricket Ground ✅
Wembley Stadium ✅
Westminster Abbey ✅
Parliament ✅
And now Buckingham Palace ✅

Still think there’s no problem with ISLAMISTS or ISLAMIFICATION 

Remember they ain’t doing it at local bowling greens or Wetherspoons …… https://t.co/rVizI1UBx7",en,2024-04-10T20:52:53.000Z,1778164268812136703,1,1,,,4,19,1,0,1,1,1,0,TRUE,0,center,religion
1780649819658125756,['1780649819658125756'],Dana White Admits Islam Makhachev turned down a fight with Ilia Topuria at #UFC302 https://t.co/rJYmEpctSa,en,2024-04-17T17:29:34.000Z,1780649819658125756,1,1,,,9,10,1,0,1,1,1,0,TRUE,0,center,religion
1759924428085805544,['1759924428085805544'],"Just found out about this painting, such an amazing story.

Apparently it was painted by a Holocaust survivor just before his death, and it's meant to symbolize the unfinished work of reclaiming a Jewish homeland 

#Israel #Palestine https://t.co/7nbzV3Rysv",en,2024-02-20T12:54:16.000Z,1759924428085805544,1,1,,,5,34,1,0,1,1,1,0,TRUE,0,center,religion
1825075453289259200,['1825075453289259200'],"The US gave India a nuclear reactor in 1956 called ""Aspara"".

Indian's first nuclear test, ""Smiling Buddha"", happened in 1974.

Indians went on to give credit to Homi Bhabha, but it was the US tbh

(1/2) https://t.co/VLCLBe9T6b",en,2024-08-18T07:41:10.000Z,1825075453289259200,1,1,,,9,0,1,0,1,1,1,0,TRUE,0,center,religion
1770486244994105782,['1770486244994105782'],"UNBELIEVABLE: Top healthcare company Mayo Clinic is discriminating against straight white people in their ""inclusive"" hiring practices. 

Even criminals are being prioritized to be hired as nurses.

How does this ensure patients will receive the best medical care possible? https://t.co/xUvYoT6pmO",en,2024-03-20T16:23:09.000Z,1770486244994105782,0.4627662004278913,0.99472554,0.8878286843559579,0.1580613891893202,922,202,2,3,-0.425062484,0.8366641512601198,0.4627662004278913,-1.261726635,TRUE,1.2617266351881864,negative,race
1666804896212082688,['1666804896212082688'],"If a white man stabbed a bunch of Syrian kids, his race would be the entire story 

A Syrian refugee stabbed a bunch of white children in France today
The media: “A man with a knife…”",en,2023-06-08T13:50:29.000Z,1666804896212082688,0.7311748469870245,0.9233488700245608,0.8901170091997859,0.001896783,91,82,2,1,-0.158942162,0.9214520869827886,0.7311748469870245,-1.080394249,TRUE,1.080394249,negative,race
1742290770726736071,['1742290770726736071'],"They booted a gay black women from president of Harvard and replaced her with a Jewish man 

Gay black women are the most valued class in America and can scream about the evils of white men all day long

They have made it clear who they cannot criticize though https://t.co/0PzvzZp5q0",en,2024-01-02T21:04:24.000Z,1742290770726736071,0.8313203384090843,0.7467630664377448,0.9996196536842196,0.000134081,173,115,3,1,-0.168299315,0.7466289856550313,0.7467630664377448,-0.914928301,TRUE,0.9149283009301666,negative,race
1693306061229379616,['1693306061229379616'],"Local news covers a disturbing trend of black groups attacking white people in Minneapolis

Zero mainstream coverage or outrage https://t.co/sZhQtcLmlu",en,2023-08-20T16:56:39.000Z,1693306061229379616,0.4402306457204726,0.9498210739545364,0.8523558669346777,0.5083059780772605,248,100,1,1,-0.412125221,0.441515096,0.4402306457204726,-0.853640317,TRUE,0.853640317,negative,race
1655232038155300864,['1655232038155300864'],"To any Asian, Hispanic, Indian, White (and everyone) residents and taxpayers in California …

How do you feel about funding this with your taxes? https://t.co/JW5meT5f25",en,2023-05-07T15:24:05.000Z,1655232038155300864,0.6397086093657754,0.9881805871763302,0.511159679,0.017528793,145,30,1,1,0.1285489307590455,0.970651794,0.6397086093657754,-0.842102864,TRUE,0.8421028635932045,negative,race
1808431279253111028,['1808431279253111028'],"This is Kamala Harris and her mammy.

She is NOT a Black woman.

Don’t ever let her claim our race. https://t.co/JDLmRRNIbl",en,2024-07-03T09:23:10.000Z,1808431279253111028,0.6264747196601097,0.9628914760107296,0.4705120174047505,0.002134249,111,75,2,1,0.1559627022553591,0.9607572267125007,0.6264747196601097,-0.804794524,TRUE,0.8047945244571417,negative,race
1818749349159157965,['1818749349159157965'],"Crazy Kamala is saying she's Indian, not Black. This is a big deal. Stone cold phony. She uses everybody, including her racial identity! https://t.co/pMuCTeJ7hL",en,2024-07-31T20:43:30.000Z,1818749349159157965,0.1839147938687942,0.8736218742374211,0.1994333466190474,0.1449203969063318,41,350,4,1,-0.015518553,0.7287014773310893,0.1839147938687942,-0.74422003,TRUE,0.7442200300813424,negative,race
1772610365114720437,['1772610365114720437'],"Don't worry, folks.

Transportation Secretary Pete Buttigieg is focused on… solving racist bridges, roads, highways, and tunnels. https://t.co/WxygVqyIPR",en,2024-03-26T13:03:39.000Z,1772610365114720437,0.410405647,0.890801598,0.2323443360579161,0.047740854,453,443,2,1,0.1780613105801628,0.8430607433907706,0.410405647,-0.664999433,TRUE,0.6649994328106078,negative,race
1562386914602323968,['1562386914602323968'],"On Aug. 21, a 56-year-old Asian American dentist was robbed at gunpoint in Oakland’s Little Saigon &amp; then shot multiple times. Lili Xu died. The murder follows many robberies &amp; assaults of East Asians in the Bay Area by mostly black male suspects. https://t.co/aP8GzUP1Wb",en,2022-08-24T10:30:42.000Z,1562386914602323968,0.3523902804855849,0.9994341157711024,,,86,58,1,0,0.3523902804855849,0.9994341157711024,0.3523902804855849,-0.647043835,TRUE,0.6470438352855175,negative,race
1686790474240237568,['1686790474240237568'],"Three black men stole nearly $1 million in jewels from a seller in Irvine, California.

""It took only 60 seconds for Alan's life and decades of hard work to come crashing down. Alan is the owner of Jewels By Alan."" 

https://t.co/aqJpNCHWp9",en,2023-08-02T17:26:02.000Z,1686790474240237568,0.6399985529281234,0.9235019848397495,0.878181078,0.5271038835747096,84,216,3,1,-0.238182525,0.396398101,0.6399985529281234,-0.634580626,TRUE,0.6345806259468627,negative,race
1650881513461026819,['1650881513461026819'],"Is the Community Notes section of Twitter that @elonmusk brags about racist and anti-Semitic? I don’t know. But the below community note is racist and anti-Semitic.

It’s also false. Great Replacement Theory is not widely celebrated. It’s a fringe, neo-Nazi conspiracy theory. https://t.co/xhEtNYn4kf",en,2023-04-25T15:16:39.000Z,1650881513461026819,0.8361985149944674,0.3289222835316226,1.284837346089945e-12,0.9994337994492272,32,56,3,1,0.8361985149931825,-0.670511516,0.3289222835316226,1.506710030910787,TRUE,1.506710030910787,positive,race
1686116831474450432,['1686116831474450432'],"BREAKING: A federal judge sentences a racist Kentucky Trumper to a whopping NINE years in federal prison for mailing shockingly racist threats to her interracial couple neighbors — and even painting the n-word and a swastika on their driveway. 

But it gets even WORSE for her… https://t.co/HexAWiCnvb",en,2023-07-31T20:49:13.000Z,1686116831474450432,0.7767840017466734,0.3507869874656293,8.124383079532276e-07,0.9535643083532648,125,177,6,1,0.7767831893083654,-0.602777321,0.3507869874656293,1.379560510196001,TRUE,1.379560510196001,positive,race
1633688323243008000,['1633688323243008000'],"A bill that will empower government employees to deny marriage licenses to LGBTQ &amp; interracial couples.

That. JUST. Passed.

Wake up America.

The @GOP are rolling back decades of progress RIGHT NOW.

We must call out this blatant bigotry for what it is. https://t.co/pnoGdZ0YPI",en,2023-03-09T04:37:03.000Z,1633688323243008000,0.952985762,0.4739916164505066,0.023670659,0.8498775588514311,234,109,3,2,0.9293151033962536,-0.375885942,0.4739916164505066,1.305201045797178,TRUE,1.305201045797178,positive,race
1651997504089600015,['1651997504089600015'],"""White people kill other white people at almost the same rate black people kill other black people &amp; yet you never hear anyone complaining about 'white on white crime'. These aren't points of sage wisdom from Maher. They are classic racist dog whistles.""
https://t.co/VZlCoqfet9",en,2023-04-28T17:11:12.000Z,1651997504089600015,0.987681301,0.6617595669416902,0.021719489,0.9998653997321052,4424,470,5,1,0.9659618121860568,-0.338105833,0.6617595669416902,1.304067644976472,TRUE,1.304067644976472,positive,race
1757132466559627610,['1757132466559627610'],"""With the passage of the RFMA, for the first time in the history of the United States, both same-sex and interracial newlyweds will be recognized under federal law."" - @DylanoA4 https://t.co/5qZdxqs8cp",en,2024-02-12T20:00:00.000Z,1757132466559627610,0.9911814154516134,0.4458507300876685,0.016048227,0.7534559973566025,72,25,2,1,0.9751331884255944,-0.307605267,0.4458507300876685,1.2827384556945285,TRUE,1.2827384556945285,positive,race
1364573929034121218,['1364573929034121218'],I represent one of the largest Indian-American districts in U.S. How do I look at what’s happening to @neeratanden and tell little girls of South Asian descent that they’ll have the same opportunities in life as white men? The answer: I can’t. And that’s a shame. https://t.co/EaZ4bhXR3I,en,2021-02-24T13:52:31.000Z,1364573929034121218,0.9999999993370688,0.075763198,,,4,4,1,0,0.9999999993370688,0.075763198,0.075763198,0.9242368016857156,TRUE,0.9242368016857156,positive,race
1600873302443970560,['1600873302443970560'],"On Elon Musk's Twitter:

- Slurs against Black people have tripled
- Slurs against women are up 33%
- Slurs against Jewish people are up 61%
- And slurs against gay men are up 58%

These numbers are abysmal – and unacceptable.

Today, @RepMarkTakano and I are demanding action.",en,2022-12-08T15:21:52.000Z,1600873302443970560,0.8567216581070445,0.3574113808949686,0.081115405,0.4729321880426684,2447,838,8,2,0.7756062533379714,-0.115520807,0.3574113808949686,0.8911270604856711,TRUE,0.8911270604856711,positive,race
1681534717043277824,['1681534717043277824'],"People seem to love #Oppenheimer but I'll just say it: I was uncomfy watching yet another movie about tortured white male genius when the victims of the atrocities glossed over by the script—Japanese people, interned Japanese Americans, and Native Americans—had no voice.",en,2023-07-19T05:21:32.000Z,1681534717043277824,0.9130337113704527,0.4964585959629438,0.1990285150441726,0.6269240974447285,1699,2421,2,5,0.7140051963262802,-0.130465501,0.4964585959629438,0.8444706978080649,TRUE,0.8444706978080649,positive,race
1653785724745916416,['1653785724745916416'],"A white man assaulted  a black teenager who paid for her merchandise. 

This is what media obsession over a crime narrative causes. https://t.co/M8R0v2v8hf",en,2023-05-03T15:36:57.000Z,1653785724745916416,0.972960712,0.7515421540938145,0.056100739,0.6201338209104365,128,202,1,1,0.9168599729283534,0.131408333,0.7515421540938145,0.7854516397449753,TRUE,0.7854516397449753,positive,race
1659491718721335297,['1659491718721335297'],A New York City hospital employee has been placed on leave after a viral video that appeared to show her attempting to take a rental bike from a group of young Black men garnered millions of views. https://t.co/8UryiG4qCr,en,2023-05-19T09:30:32.000Z,1659491718721335297,0.98715659,0.5993709370440512,0.1560884233152762,0.5451422115568962,5173,316,3,1,0.8310681662781879,0.054228725,0.5993709370440512,0.776839441,TRUE,0.776839441,positive,race
1529486997894602753,['1529486997894602753'],my little sister said 2 white men got caught in the bowie md walmart attempting to kill all the black ppl inside?????? whats really going on. bowie. thas scary af.,en,2022-05-25T15:38:11.000Z,1529486997894602753,1,1,,,1,5,1,0,1,1,1,0,TRUE,0,center,race
1531712466110992384,['1531712466110992384'],"BREAKING: A witness reveals that Kansas City police shot Leonna Hale, a pregnant unarmed Black woman, five times as she was running away from them — she has been hospitalized with serious injuries but remains stable. RT TO DEMAND THAT THE POLICE BE INVESTIGATED IMMEDIATELY!",en,2022-05-31T19:01:24.000Z,1531712466110992384,1,1,,,53,9,1,0,1,1,1,0,TRUE,0,center,race
1625924411390849026,['1625924411390849026'],"Nikki Haley, in her “I’m running for President” speech said that America is not a racist country. 
Duh. Of course not. A country is an object. 
There are racists in it though, and she knows it.
Otherwise we would be calling her Nimrata Randhawa.  
https://t.co/mDRq7zis62",en,2023-02-15T18:26:02.000Z,1625924411390849026,1,1,,,13,2,1,0,1,1,1,0,TRUE,0,center,race
1537921106127900673,['1537921106127900673'],"So there’s this law, it’s called the Civil Rights Act of 1964, that outlaws racial discrimination in employment….

It also provides for damages &amp; attorney fees. 

Who wants to own a coffee shop? https://t.co/1zMmMxRu60",en,2022-06-17T22:12:19.000Z,1537921106127900673,0.9999990571194004,1,,,7,11,1,0,0.9999990571194004,1,0.9999990571194004,-9.43E-07,TRUE,9.428805997080404e-07,center,race
1543959206683987968,['1543959206683987968'],America is such a racist place that @espn employs the guy who wrote this article even though he was arrested for attacking his wife in front of their six year old kid and attacking a police officer. (He plead it down to six months probation). https://t.co/oSZy49ChrC,en,2022-07-04T14:05:34.000Z,1543959206683987968,0.9999955951850534,1,,,3,5,1,0,0.9999955951850534,1,0.9999955951850534,-4.40E-06,TRUE,4.404814946568081e-06,center,race
1805959816155664489,['1805959816155664489'],It's honestly appalling that Hakeem Jeffries' team is celebrating Jamaal Bowman's loss this morning—the first Black man to represent NY-16. https://t.co/to0FlNgqLB,en,2024-06-26T13:42:27.000Z,1805959816155664489,1,0.9998843162779016,,,9,12,1,0,1,0.9998843162779016,0.9998843162779016,0.000115684,TRUE,0.000115684,center,race
1594321075256582147,['1594321075256582147'],"Gay marriage is illegal in Israel, as is interracial marriage. https://t.co/E2bivli0TR",en,2022-11-20T13:25:40.000Z,1594321075256582147,0.9994876781186648,0.9996586124803106,,,5,15,1,0,0.9994876781186648,0.9996586124803106,0.9994876781186648,-0.000170934,TRUE,0.000170934,center,race
1686243991367421952,['1686243991367421952'],This is Elon musk and his parent. They had a black women helper. Who was not allowed to seat on their sofas. Who was not allowed to ask any questions. Elon musk is a racist white man like his parents. https://t.co/om9proJCl6,en,2023-08-01T05:14:31.000Z,1686243991367421952,0.9691097562520844,0.9688796846212958,,,801,737,4,0,0.9691097562520844,0.9688796846212958,0.9688796846212958,0.000230072,TRUE,0.000230072,center,race
1823460393827582440,['1823460393827582440'],Being racist is protected under our First Amendment https://t.co/1sptVdadFf,en,2024-08-13T20:43:30.000Z,1823460393827582440,0.999615101,1,,,21,24,1,0,0.999615101,1,0.999615101,-0.000384899,TRUE,0.000384899,center,race
1813330593939427457,['1813330593939427457'],"They won against Croatia but why were the French players mocking Messi? Was this racist? 

🎥 Via @Jnr_Drama 
 https://t.co/wN2NwnNvW9",en,2024-07-16T21:51:18.000Z,1813330593939427457,0.99961508,1,,,8,9,1,0,0.99961508,1,0.99961508,-0.00038492,TRUE,0.00038492,center,race
